complexity,r,count_on_policy,count_off_policy,expression,traversal,nmse_test,nmse_test_noiseless,success
5,0.6948618682044976,0,1,[x1**2 + x1],"add,x1,mul,x1,x1",0.192839504367892,0.192839504367892,False
7,0.8974716632934566,0,1,[2*x1**2 + x1],"add,mul,add,x1,x1,x1,x1",0.01305107645328696,0.01305107645328696,False
9,0.9999999999999998,0,1,[x1*(x1**2 + x1) + x1],"add,mul,add,x1,mul,x1,x1,x1,x1",7.848022204279296e-32,7.848022204279296e-32,True
