Complexity,Loss,Equation
1,0.5124303,"x0"
3,0.07282213,"(x0 + x0)"
5,0.07265972,"(x0 + (0.07094238 + x0))"
6,0.020048058,"((x0 / cos(x0)) + x0)"
7,0.009779407,"(x0 + ((x0 + x0) * x0))"
8,0.0051135123,"(sin(x0) + ((x0 + x0) * x0))"
9,6.4323546e-15,"(x0 + ((x0 + (x0 * x0)) * x0))"
