r_best,r_max,r_avg_full,r_avg_sub,l_avg_full,l_avg_sub,ewma,n_unique_full,n_unique_sub,n_novel_full,n_novel_sub,a_ent_full,a_ent_sub,invalid_avg_full,invalid_avg_sub,baseline,time
1.000000000000000000e+00,1.000000000000000000e+00,1.911294460296630859e-01,9.717120528221130371e-01,2.304545402526855469e+01,2.890909004211425781e+01,-1.000000000000000000e+00,5.500000000000000000e+02,1.100000000000000000e+01,5.500000000000000000e+02,1.100000000000000000e+01,1.400164514780044556e-01,2.343750000000000000e-02,6.000000238418579102e-01,0.000000000000000000e+00,9.504365921020507812e-01,4.850089073181152344e+00
