r_best,r_max,r_avg_full,r_avg_sub,l_avg_full,l_avg_sub,ewma,n_unique_full,n_unique_sub,n_novel_full,n_novel_sub,a_ent_full,a_ent_sub,invalid_avg_full,invalid_avg_sub,baseline,time
1.000000000000000000e+00,1.000000000000000000e+00,1.828998327255249023e-01,9.911958575248718262e-01,2.322727203369140625e+01,2.118181800842285156e+01,-1.000000000000000000e+00,5.500000000000000000e+02,1.100000000000000000e+01,5.500000000000000000e+02,1.100000000000000000e+01,1.389651596546173096e-01,1.953125000000000000e-02,5.963636636734008789e-01,0.000000000000000000e+00,9.663665890693664551e-01,4.779382705688476562e+00
