r_best,r_max,r_avg_full,r_avg_sub,l_avg_full,l_avg_sub,ewma,n_unique_full,n_unique_sub,n_novel_full,n_novel_sub,a_ent_full,a_ent_sub,invalid_avg_full,invalid_avg_sub,baseline,time
1.000000000000000000e+00,1.000000000000000000e+00,1.867237687110900879e-01,1.000000000000000000e+00,2.161090850830078125e+01,1.227777767181396484e+01,-1.000000000000000000e+00,5.500000000000000000e+02,1.800000000000000000e+01,5.500000000000000000e+02,1.800000000000000000e+01,1.268841028213500977e-01,2.343750000000000000e-02,5.890908837318420410e-01,0.000000000000000000e+00,1.000000000000000000e+00,4.607859611511230469e+00
