r_best,r_max,r_avg_full,r_avg_sub,l_avg_full,l_avg_sub,ewma,n_unique_full,n_unique_sub,n_novel_full,n_novel_sub,a_ent_full,a_ent_sub,invalid_avg_full,invalid_avg_sub,baseline,time
1.000000000000000000e+00,1.000000000000000000e+00,2.255470901727676392e-01,1.000000000000000000e+00,2.283272743225097656e+01,1.960000038146972656e+01,-1.000000000000000000e+00,5.500000000000000000e+02,1.500000000000000000e+01,5.500000000000000000e+02,1.500000000000000000e+01,1.334828883409500122e-01,1.171875000000000000e-02,5.145454406738281250e-01,0.000000000000000000e+00,1.000000000000000000e+00,4.829767227172851562e+00
