r_best,r_max,r_avg_full,r_avg_sub,l_avg_full,l_avg_sub,ewma,n_unique_full,n_unique_sub,n_novel_full,n_novel_sub,a_ent_full,a_ent_sub,invalid_avg_full,invalid_avg_sub,baseline,time
9.954534769058227539e-01,9.954534769058227539e-01,1.920778155326843262e-01,9.943028688430786133e-01,2.351818275451660156e+01,3.163636398315429688e+01,-1.000000000000000000e+00,5.500000000000000000e+02,1.100000000000000000e+01,5.500000000000000000e+02,1.100000000000000000e+01,1.457280367612838745e-01,4.296875000000000000e-02,5.854545235633850098e-01,0.000000000000000000e+00,9.941166043281555176e-01,5.133999824523925781e+00
1.000000000000000000e+00,1.000000000000000000e+00,1.926762759685516357e-01,9.914357066154479980e-01,2.370545387268066406e+01,3.227272796630859375e+01,-1.000000000000000000e+00,5.500000000000000000e+02,1.100000000000000000e+01,5.500000000000000000e+02,1.100000000000000000e+01,1.395022422075271606e-01,7.812500000000000000e-03,5.872727036476135254e-01,0.000000000000000000e+00,9.891098737716674805e-01,7.186992645263671875e+00
