r_best,r_max,r_avg_full,r_avg_sub,l_avg_full,l_avg_sub,ewma,n_unique_full,n_unique_sub,n_novel_full,n_novel_sub,a_ent_full,a_ent_sub,invalid_avg_full,invalid_avg_sub,baseline,time
1.000000000000000000e+00,1.000000000000000000e+00,2.186675965785980225e-01,1.000000000000000000e+00,2.205999946594238281e+01,1.781999969482421875e+01,-1.000000000000000000e+00,5.500000000000000000e+02,5.000000000000000000e+01,5.500000000000000000e+02,5.000000000000000000e+01,1.275620609521865845e-01,1.562500000000000000e-02,5.054545402526855469e-01,0.000000000000000000e+00,1.000000000000000000e+00,4.832630634307861328e+00
