Complexity,Loss,Equation
1,3.3273513,"1.8120016"
2,3.327351,"exp(0.5945894)"
