r_best,r_max,r_avg_full,r_avg_sub,l_avg_full,l_avg_sub,ewma,n_unique_full,n_unique_sub,n_novel_full,n_novel_sub,a_ent_full,a_ent_sub,invalid_avg_full,invalid_avg_sub,baseline,time
1.000000000000000000e+00,1.000000000000000000e+00,1.992444843053817749e-01,1.000000000000000000e+00,2.162545394897460938e+01,1.361904716491699219e+01,-1.000000000000000000e+00,5.500000000000000000e+02,2.100000000000000000e+01,5.500000000000000000e+02,2.100000000000000000e+01,1.268883347511291504e-01,1.562500000000000000e-02,5.490909218788146973e-01,0.000000000000000000e+00,1.000000000000000000e+00,4.600227355957031250e+00
